-- phpMyAdmin SQL Dump
-- version 5.2.1
-- https://www.phpmyadmin.net/
--
-- Host: 127.0.0.1
-- Generation Time: Apr 01, 2026 at 11:34 AM
-- Server version: 10.4.32-MariaDB
-- PHP Version: 8.2.12

SET SQL_MODE = "NO_AUTO_VALUE_ON_ZERO";
START TRANSACTION;
SET time_zone = "+00:00";


/*!40101 SET @OLD_CHARACTER_SET_CLIENT=@@CHARACTER_SET_CLIENT */;
/*!40101 SET @OLD_CHARACTER_SET_RESULTS=@@CHARACTER_SET_RESULTS */;
/*!40101 SET @OLD_COLLATION_CONNECTION=@@COLLATION_CONNECTION */;
/*!40101 SET NAMES utf8mb4 */;

--
-- Database: `schooldb`
--

-- --------------------------------------------------------

--
-- Table structure for table `courses`
--

CREATE TABLE `courses` (
  `CourseID` int(11) NOT NULL,
  `CourseName` varchar(100) NOT NULL,
  `Department` varchar(100) NOT NULL
) ENGINE=InnoDB DEFAULT CHARSET=utf8mb4 COLLATE=utf8mb4_general_ci;

--
-- Dumping data for table `courses`
--

INSERT INTO `courses` (`CourseID`, `CourseName`, `Department`) VALUES
(1, 'Computer Science', 'IT'),
(2, 'Data Analytics', 'IT'),
(3, 'Business Management', 'Business'),
(4, 'Digital Marketing', 'Marketing'),
(5, 'Psychology', 'Social Sciences');

-- --------------------------------------------------------

--
-- Table structure for table `enrollments`
--

CREATE TABLE `enrollments` (
  `EnrollmentID` int(11) NOT NULL,
  `StudentID` int(11) DEFAULT NULL,
  `CourseID` int(11) DEFAULT NULL,
  `EnrollmentDate` date DEFAULT NULL
) ENGINE=InnoDB DEFAULT CHARSET=utf8mb4 COLLATE=utf8mb4_general_ci;

--
-- Dumping data for table `enrollments`
--

INSERT INTO `enrollments` (`EnrollmentID`, `StudentID`, `CourseID`, `EnrollmentDate`) VALUES
(1, 1, 2, '2024-01-15'),
(2, 2, 2, '2024-01-16'),
(3, 3, 1, '2024-01-15'),
(4, 4, 3, '2024-01-17'),
(5, 5, 4, '2024-01-18'),
(6, 6, 5, '2024-01-19'),
(7, 7, 2, '2024-01-20'),
(8, 8, 3, '2024-01-21'),
(9, 9, 1, '2024-01-22');

-- --------------------------------------------------------

--
-- Table structure for table `students`
--

CREATE TABLE `students` (
  `StudentID` int(11) NOT NULL,
  `Name` varchar(100) NOT NULL,
  `Age` int(11) DEFAULT NULL,
  `Course` varchar(100) DEFAULT NULL
) ENGINE=InnoDB DEFAULT CHARSET=utf8mb4 COLLATE=utf8mb4_general_ci;

--
-- Dumping data for table `students`
--

INSERT INTO `students` (`StudentID`, `Name`, `Age`, `Course`) VALUES
(1, 'Alice Johnson', 20, 'Computer Science'),
(2, 'Bob Smith', 22, 'Data Analytics'),
(3, 'Charlie Brown', 19, 'Computer Science'),
(4, 'Diana Prince', 21, 'Business Management'),
(5, 'Evan Wright', 23, 'Digital Marketing'),
(6, 'Fiona Glenanne', 20, 'Psychology'),
(7, 'George Miller', 22, 'Data Analytics'),
(8, 'Hannah Abbott', 21, 'Business Management'),
(9, 'Ian Curtis', 19, 'Computer Science'),
(10, 'Julia Roberts', 24, 'Digital Marketing');

--
-- Indexes for dumped tables
--

--
-- Indexes for table `courses`
--
ALTER TABLE `courses`
  ADD PRIMARY KEY (`CourseID`);

--
-- Indexes for table `enrollments`
--
ALTER TABLE `enrollments`
  ADD PRIMARY KEY (`EnrollmentID`),
  ADD KEY `StudentID` (`StudentID`),
  ADD KEY `CourseID` (`CourseID`);

--
-- Indexes for table `students`
--
ALTER TABLE `students`
  ADD PRIMARY KEY (`StudentID`);

--
-- AUTO_INCREMENT for dumped tables
--

--
-- AUTO_INCREMENT for table `courses`
--
ALTER TABLE `courses`
  MODIFY `CourseID` int(11) NOT NULL AUTO_INCREMENT, AUTO_INCREMENT=6;

--
-- AUTO_INCREMENT for table `enrollments`
--
ALTER TABLE `enrollments`
  MODIFY `EnrollmentID` int(11) NOT NULL AUTO_INCREMENT, AUTO_INCREMENT=11;

--
-- AUTO_INCREMENT for table `students`
--
ALTER TABLE `students`
  MODIFY `StudentID` int(11) NOT NULL AUTO_INCREMENT, AUTO_INCREMENT=11;

--
-- Constraints for dumped tables
--

--
-- Constraints for table `enrollments`
--
ALTER TABLE `enrollments`
  ADD CONSTRAINT `enrollments_ibfk_1` FOREIGN KEY (`StudentID`) REFERENCES `students` (`StudentID`) ON DELETE CASCADE,
  ADD CONSTRAINT `enrollments_ibfk_2` FOREIGN KEY (`CourseID`) REFERENCES `courses` (`CourseID`) ON DELETE CASCADE;
COMMIT;

/*!40101 SET CHARACTER_SET_CLIENT=@OLD_CHARACTER_SET_CLIENT */;
/*!40101 SET CHARACTER_SET_RESULTS=@OLD_CHARACTER_SET_RESULTS */;
/*!40101 SET COLLATION_CONNECTION=@OLD_COLLATION_CONNECTION */;
